"roger@gmail.com","Roger","rogertaylor","Roger","Taylor","B1oaMM9fm","ROLE_ORGANIZATION_ADMIN","H1b9MM9zQ"
"Bruce@gmail.com","Bruce","Brucewills","Bruce","Wills","r1MH_GqzQ","ROLE_USER","rkZJDf9fm"
"Jason@gmail.com","Jason","Jasonjack","Jason","Jack","Bkx8vGcfX","ROLE_TICKET","H1b9MM9zQ"
"Will@gmail.com","Will","Willsimth","Will","smith","B1oaMM9fm","ROLE_ORGANIZATION_ADMIN","H1b9MM9zQ"
"Jack@gmail.com","Jack","Jacksparrow","Jack","Sparrow","r1MH_GqzQ","ROLE_USER","rkZJDf9fm"
"John@gmail.com","John","Johnabraham","John","Abraham","B1oaMM9fm","ROLE_ORGANIZATION_ADMIN","H1b9MM9zQ"
"Johnny@gmail.com","Johnny","Johnnywalker","Johnny","Walker","Bkx8vGcfX","ROLE_TICKET","H1b9MM9zQ"
"Kevin@gmail.com","Kevin","Kevinyoung","Kevin","Young","B1oaMM9fm","ROLE_ORGANIZATION_ADMIN","H1b9MM9zQ"
"Ushin@gmail.com","Ushin","Ushinbolt","Ushin","Bolt","Bkx8vGcfX","ROLE_TICKET","H1b9MM9zQ"
"Hima@gmail.com","Hima","Himadas","Hima","Das","r1MH_GqzQ","ROLE_USER","rkZJDf9fm"

